[{"id":"user-image-3-0.png","publicUrl":"np://user.desktop.nicepage.com/Site_832020282/images/3-0.png","size":2154691,"hash":"yqL1C0rz5iMW4bm3QzSijfoZGd8=","fileName":"3-0.png","name":"3-0","width":1996,"height":1000,"thumbnail":{"url":"np://user.desktop.nicepage.com/Site_832020282/images/thumbnails/3-0.png","width":250,"height":125},"folderId":null,"usages":[]},{"id":"user-image-2-0.jpeg","publicUrl":"np://user.desktop.nicepage.com/Site_832020282/images/2-0.jpeg","size":394935,"hash":"LUOl1xSEp3pOaYKTiLqRJC8buVY=","fileName":"2-0.jpeg","name":"2-0","width":1250,"height":1000,"thumbnail":{"url":"np://user.desktop.nicepage.com/Site_832020282/images/thumbnails/2-0.jpeg","width":250,"height":200},"folderId":null,"usages":[]},{"id":"user-image-1-0.png","publicUrl":"np://user.desktop.nicepage.com/Site_832020282/images/1-0.png","size":1784258,"hash":"ot+EELonyiy0IGu9brWNIeGGNfQ=","fileName":"1-0.png","name":"1-0","width":1762,"height":1000,"thumbnail":{"url":"np://user.desktop.nicepage.com/Site_832020282/images/thumbnails/1-0.png","width":250,"height":142},"folderId":null,"usages":[]},{"id":"user-image-f689048128d21e9c8b45a49e9306271de829ec9a39245985aba3346824e8e7e0ab71660d9829e0766afba084b0d9723c707de2a86063a5cf2036b3_1280.jpg","publicUrl":"np://user.desktop.nicepage.com/Site_832020282/images/f689048128d21e9c8b45a49e9306271de829ec9a39245985aba3346824e8e7e0ab71660d9829e0766afba084b0d9723c707de2a86063a5cf2036b3_1280.jpg","size":190178,"hash":"+DAv2z2ko4OVKxOLrapYBVjE0/8=","fileName":"f689048128d21e9c8b45a49e9306271de829ec9a39245985aba3346824e8e7e0ab71660d9829e0766afba084b0d9723c707de2a86063a5cf2036b3_1280.jpg","name":"f689048128d21e9c8b45a49e9306271de829ec9a39245985aba3346824e8e7e0ab71660d9829e0766afba084b0d9723c707de2a86063a5cf2036b3_1280","width":1280,"height":1280,"thumbnail":{"url":"np://user.desktop.nicepage.com/Site_832020282/images/thumbnails/f689048128d21e9c8b45a49e9306271de829ec9a39245985aba3346824e8e7e0ab71660d9829e0766afba084b0d9723c707de2a86063a5cf2036b3_1280.jpg","width":250,"height":250},"folderId":null,"usages":["98361359"]},{"id":"user-image-LOGO.png","publicUrl":"np://user.desktop.nicepage.com/Site_832020282/images/LOGO.png","size":16202,"hash":"pWM1PJvhTFj+5ddnWINT/M6Cfgk=","fileName":"LOGO.png","name":"LOGO","width":500,"height":500,"thumbnail":{"url":"np://user.desktop.nicepage.com/Site_832020282/images/thumbnails/LOGO.png","width":250,"height":250},"folderId":null,"usages":["98361359"]}]