[{"id":1459712486,"status":2,"title":"Blog Template","order":1,"templateKey":"blog","customTemplate":false,"customTemplateFilename":null,"pageLinks":[],"dateCreated":"2023-08-13T16:13:10.741Z","dateUpdated":"2023-08-13T16:13:14.281Z","folderId":null,"pageName":"Blog Template"},{"id":48088613,"status":2,"title":"Post Template","order":2,"templateKey":"post","customTemplate":false,"customTemplateFilename":null,"pageLinks":[],"dateCreated":"2023-08-13T16:13:11.209Z","dateUpdated":"2023-08-13T16:13:14.802Z","folderId":null,"pageName":"Post Template"},{"id":402323588,"status":2,"title":"Product List Template","order":3,"templateKey":"products","customTemplate":false,"customTemplateFilename":null,"pageLinks":[],"dateCreated":"2023-08-13T16:13:11.553Z","dateUpdated":"2023-08-13T16:13:15.051Z","folderId":null,"pageName":"Product List Template"},{"id":181109668,"status":2,"title":"Product Details Template","order":4,"templateKey":"product","customTemplate":false,"customTemplateFilename":null,"pageLinks":[],"dateCreated":"2023-08-13T16:13:12.009Z","dateUpdated":"2023-08-13T16:13:15.232Z","folderId":null,"pageName":"Product Details Template"},{"id":747523770,"status":2,"title":"Shopping Cart Template","order":5,"templateKey":"cart","customTemplate":false,"customTemplateFilename":null,"pageLinks":[],"dateCreated":"2023-08-13T16:13:12.353Z","dateUpdated":"2023-08-13T16:13:15.331Z","folderId":null,"pageName":"Shopping Cart Template"},{"id":1585014342,"status":2,"title":"Checkout Template","order":6,"templateKey":"checkout","customTemplate":false,"customTemplateFilename":null,"pageLinks":[],"dateCreated":"2023-08-13T16:13:12.789Z","dateUpdated":"2023-08-13T16:13:15.499Z","folderId":null,"pageName":"Checkout Template"},{"id":1468111974,"status":2,"title":"Login Template","order":7,"templateKey":"login","customTemplate":false,"customTemplateFilename":null,"pageLinks":[],"dateCreated":"2023-08-13T16:13:13.021Z","dateUpdated":"2023-08-13T16:13:15.648Z","folderId":null,"pageName":"Login Template"},{"id":580910466,"status":2,"title":"Page Password Template","order":8,"templateKey":"password","customTemplate":false,"customTemplateFilename":null,"pageLinks":[],"dateCreated":"2023-08-13T16:13:13.201Z","dateUpdated":"2023-08-13T16:13:15.947Z","folderId":null,"pageName":"Page Password Template"},{"id":361827533,"status":2,"title":"404 Not Found Template","order":9,"templateKey":"404","customTemplate":false,"customTemplateFilename":null,"pageLinks":[],"dateCreated":"2023-08-13T16:13:13.369Z","dateUpdated":"2023-08-13T16:13:16.080Z","folderId":null,"pageName":"404 Not Found Template"},{"id":98361359,"status":2,"title":"Home","order":50,"templateKey":null,"customTemplate":false,"customTemplateFilename":null,"pageLinks":["1","2","3","4"],"dateCreated":"2023-08-13T16:13:19.755Z","dateUpdated":"2023-08-13T18:56:06.491Z","folderId":null,"pageName":"Home_98361359"},{"id":16753852,"status":2,"title":"About","order":100,"templateKey":null,"customTemplate":false,"customTemplateFilename":null,"pageLinks":[],"dateCreated":"2023-08-13T16:13:13.509Z","dateUpdated":"2023-08-13T16:13:16.315Z","folderId":null,"pageName":"About_16753852"},{"id":194314126,"status":2,"title":"Contact","order":101,"templateKey":null,"customTemplate":false,"customTemplateFilename":null,"pageLinks":[],"dateCreated":"2023-08-13T16:13:13.626Z","dateUpdated":"2023-08-13T16:13:16.647Z","folderId":null,"pageName":"Contact_194314126"}]